{"cameraMode":{"drawMode":0,"name":"Shaded","section":"Shading Mode"},"sceneLighting":true,"audioPlay":false,"sceneViewState":{"m_AlwaysRefresh":false,"showFog":true,"showSkybox":true,"showFlares":true,"showImageEffects":true,"showParticleSystems":true,"showVisualEffectGraphs":true,"m_FxEnabled":true},"in2DMode":false,"pivot":{"x":443.7974853515625,"y":240.7845916748047,"z":60.88431930541992},"rotation":{"x":0.004499893635511398,"y":0.008100881241261959,"z":-0.0000368624969269149,"w":0.9999609589576721},"size":317.346923828125,"orthographic":true}